-- phpMyAdmin SQL Dump
-- version 5.0.1
-- https://www.phpmyadmin.net/
--
-- Host: 127.0.0.1
-- Generation Time: Sep 27, 2020 at 05:26 PM
-- Server version: 10.4.11-MariaDB
-- PHP Version: 7.4.2

SET SQL_MODE = "NO_AUTO_VALUE_ON_ZERO";
SET AUTOCOMMIT = 0;
START TRANSACTION;
SET time_zone = "+00:00";


/*!40101 SET @OLD_CHARACTER_SET_CLIENT=@@CHARACTER_SET_CLIENT */;
/*!40101 SET @OLD_CHARACTER_SET_RESULTS=@@CHARACTER_SET_RESULTS */;
/*!40101 SET @OLD_COLLATION_CONNECTION=@@COLLATION_CONNECTION */;
/*!40101 SET NAMES utf8mb4 */;

--
-- Database: `ecommercewebsitedemo`
--

-- --------------------------------------------------------

--
-- Table structure for table `category`
--

CREATE TABLE `category` (
  `cat_id` int(255) NOT NULL,
  `cat_name` varchar(255) NOT NULL,
  `cat_desc` varchar(255) NOT NULL,
  `cat_status` varchar(255) NOT NULL
) ENGINE=InnoDB DEFAULT CHARSET=utf8mb4;

--
-- Dumping data for table `category`
--

INSERT INTO `category` (`cat_id`, `cat_name`, `cat_desc`, `cat_status`) VALUES
(4, 'World', 'this is world category', '1'),
(5, 'Home', 'This is Home category', '1'),
(6, 'Sport', 'this is sport category', '1'),
(7, 'Lifestyle', 'This is Lifestyle category', '1'),
(12, 'Education', 'nothing', '1');

-- --------------------------------------------------------

--
-- Table structure for table `comments`
--

CREATE TABLE `comments` (
  `c_id` int(11) NOT NULL,
  `c_name` varchar(255) NOT NULL,
  `C_commests` text NOT NULL,
  `post_id` int(11) NOT NULL,
  `c_status` int(11) NOT NULL,
  `c_date` date NOT NULL
) ENGINE=InnoDB DEFAULT CHARSET=utf8mb4;

--
-- Dumping data for table `comments`
--

INSERT INTO `comments` (`c_id`, `c_name`, `C_commests`, `post_id`, `c_status`, `c_date`) VALUES
(8, 'monim', 'sdafsd', 5, 1, '2020-08-17'),
(9, 'monim', 'ujyuty', 5, 1, '2020-08-18'),
(10, 'monim', 'gs', 5, 1, '2020-08-18'),
(11, 'monim', '5yr5yreyret', 5, 1, '2020-08-18');

-- --------------------------------------------------------

--
-- Table structure for table `pagination`
--

CREATE TABLE `pagination` (
  `id` int(11) NOT NULL,
  `name` varchar(255) NOT NULL,
  `email` varchar(255) NOT NULL,
  `date` date NOT NULL
) ENGINE=InnoDB DEFAULT CHARSET=utf8mb4;

--
-- Dumping data for table `pagination`
--

INSERT INTO `pagination` (`id`, `name`, `email`, `date`) VALUES
(1, 'monim', 'monim@gmail.com', '2020-08-18'),
(2, 'monim', 'monim@gmail.com', '2020-08-18'),
(3, 'monim', 'monim@gmail.com', '2020-08-18'),
(4, 'monim', 'monim@gmail.com', '2020-08-18'),
(5, 'monim', 'monim@gmail.com', '2020-08-18'),
(6, 'monim', 'monim@gmail.com', '2020-08-18'),
(7, 'monim', 'monim@gmail.com', '2020-08-18'),
(8, 'monim', 'monim@gmail.com', '2020-08-18'),
(9, 'monim', 'monim@gmail.com', '2020-08-18'),
(10, 'monim', 'monim@gmail.com', '2020-08-18'),
(11, 'monim', 'monim@gmail.com', '2020-08-18'),
(12, 'monim', 'monim@gmail.com', '2020-08-18'),
(13, 'monim', 'monim@gmail.com', '2020-08-18'),
(14, 'monim', 'monim@gmail.com', '2020-08-18'),
(15, 'monim', 'monim@gmail.com', '2020-08-18'),
(16, 'monim', 'monim@gmail.com', '2020-08-18'),
(17, 'monim', 'monim@gmail.com', '2020-08-18'),
(18, 'monim', 'monim@gmail.com', '2020-08-18'),
(19, 'monim', 'monim@gmail.com', '2020-08-18'),
(20, 'monim', 'monim@gmail.com', '2020-08-18'),
(21, 'monim', 'monim@gmail.com', '2020-08-18'),
(22, 'monim', 'monim@gmail.com', '2020-08-18'),
(23, 'monim', 'monim@gmail.com', '2020-08-18'),
(24, 'monim', 'monim@gmail.com', '2020-08-18'),
(25, 'monim', 'monim@gmail.com', '2020-08-18'),
(26, 'monim', 'monim@gmail.com', '2020-08-18'),
(27, 'monim', 'monim@gmail.com', '2020-08-18'),
(28, 'monim', 'monim@gmail.com', '2020-08-18'),
(29, 'monim', 'monim@gmail.com', '2020-08-18'),
(30, 'monim', 'monim@gmail.com', '2020-08-18'),
(31, 'monim', 'monim@gmail.com', '2020-08-18'),
(32, 'monim', 'monim@gmail.com', '2020-08-18'),
(33, 'monim', 'monim@gmail.com', '2020-08-18'),
(34, 'monim', 'monim@gmail.com', '2020-08-18'),
(35, 'monim', 'monim@gmail.com', '2020-08-18'),
(36, 'monim', 'monim@gmail.com', '2020-08-18');

-- --------------------------------------------------------

--
-- Table structure for table `post`
--

CREATE TABLE `post` (
  `post_id` int(11) NOT NULL,
  `title` varchar(255) NOT NULL,
  `description` text NOT NULL,
  `image` text NOT NULL,
  `cat_id` int(11) NOT NULL,
  `author_id` int(11) NOT NULL,
  `post_date` date NOT NULL
) ENGINE=InnoDB DEFAULT CHARSET=utf8mb4;

--
-- Dumping data for table `post`
--

INSERT INTO `post` (`post_id`, `title`, `description`, `image`, `cat_id`, `author_id`, `post_date`) VALUES
(5, 'লকডাউন ওয়ারী: ', 'রান ঢাকার ওয়ারীর লকডাউন এলাকায় গত রোববার করোনাভাইরাস পরীক্ষায় নমুনা দিয়েছিলেন ১৩ জন। তাদের মধ্যে ১২ জনই কোভিড-১৯ পজিটিভ। মঙ্গলবার এ ফল দিয়েছে সরকারের রোগতত্ত্ব, রোগ নিয়ন্ত্রণ ও গবেষণা প্রতিষ্ঠান (আইইডিসিআর)। \r\n', '28733_159385_6903_469175_51762333_2270785769867073_4370612484810211328_o.jpg', 4, 9, '2020-07-15'),
(6, 'জাতিসংঘে যুক্তরাষ্ট্রের আবেদনে ১৩ দেশের বিরোধিতা', 'ইরানের বিরুদ্ধে নিষেধাজ্ঞা পুনর্বহাল প্রশ্নে জাতিসংঘে আবারও বড় পরাজয় হয়েছে যুক্তরাষ্ট্রের।\r\n\r\nজাতিসংঘ নিরাপত্তা পরিষদে ইরানের বিরুদ্ধে সব নিষেধাজ্ঞা পুনর্বহালে (স্ন্যাপব্যাক ম্যাকানিজম চালু করা) যুক্তরাষ্ট্র যে আবেদন জানিয়েছে, স্থায়ী ও অস্থায়ী ১৩ সদস্য দেশ তার ঘোর বিরোধিতা করেছে।\r\n\r\nশনিবার রয়টার্সের এক প্রতিবেদনে বলা হয়েছে, ডোমিনিকান রিপাবলিক ছাড়া বাকি ১৩ দেশ সংস্থাটির সভাপতির কাছে আনুষ্ঠানিক চিঠি পাঠিয়ে তাদের বিরোধিতার কথা জানিয়েছেন।\r\n\r\nপরমাণু সমঝোতার ভিত্তিতে চলতি বছরের অক্টোবর মাসে ইরানের ওপর জাতিসংঘের আরোপিত অস্ত্র নিষেধাজ্ঞা উঠে যাবে। আগামী অক্টোবর মাস থেকে বহির্বিশ্বের সঙ্গে সমরাস্ত্র বেচাকেনা করতে পারবে তেহরান।\r\n\r\nসম্প্রতি জাতিসংঘ নিরাপত্তা পরিষদের ভোটে ইরানের বিরুদ্ধে অস্ত্র নিষেধাজ্ঞা বহাল রাখার মার্কিন প্রচেষ্টা ব্যর্থ হয়।\r\n\r\nমার্কিন যুক্তরাষ্ট্র ২০১৮ সালে এই সমঝোতা থেকে বেরিয়ে গেলেও ওই সব নিষেধাজ্ঞার মেয়ার বাড়ানোর কথা বলছেন ট্রাম্প। সম্প্রতি তিনি বলেছেন, ‘ইরানের বিরুদ্ধে ইতিপূর্বে যত নিষেধাজ্ঞা স্থগিত রয়েছে সেগুলো আমরা আবার চালু করতে চাই।’\r\n\r\nমার্কিন পররাষ্ট্রমন্ত্রী মাইক পম্পেও ইরানের বিরুদ্ধে নিষেধাজ্ঞাগুলো পুনর্বহালের জন্য জাতিসংঘের নিরাপত্তা পরিষদে আনুষ্ঠানিক আবেদন জমা দেন। তার ওই আবেদনের পর নিরাপত্তা পরিষদের বেশিরভাগ দেশ তাদের বিরোধিতার কথা ঘোষণা করল।\r\n\r\nট্রাম্পের বিরোধিতা করে নিরাপত্তা পরিষদের ১৩টি সদস্য রাষ্ট্র বলছে, যুক্তরাষ্ট্র ২০১৮ সালে পরমাণু সমঝোতা থেকে একতরফাভাবে বেরিয়ে যাওয়ার কারণে দেশটি এই সমঝোতা বা নিরাপত্তা পরিষদের ২২৩১ নম্বর প্রস্তাবের ধারাগুলো ব্যবহারের অধিকার হারিয়েছে।\r\n\r\nরয়টার্স জানিয়েছে, তিন ইউরোপীয় দেশ ফ্রান্স, ব্রিটেন ও জার্মানি আলাদা চিঠি দিয়ে যুক্তরাষ্ট্রের স্ন্যাপব্যাক ম্যাকানিজম চালুর প্রস্তাবের ঘোর বিরোধিতা করেছে।\r\n\r\nচীন এবং রাশিয়াও বলেছে, ইরানের বিরুদ্ধে নিষেধাজ্ঞা পুনর্বহালের আবেদন জানানোর কোনো অধিকার যুক্তরাষ্ট্রের নেই।\r\n\r\nএদিকে ইরান বলেছিল, যুক্তরাষ্ট্র নিরাপত্তা পরিষদে স্ন্যাপব্যাক ম্যাকানিজমের আবেদন জানালে আরেকবার অপমানিত হবে। হলোও তাই।\r\n\r\nগত সপ্তাহে ইরানের বিরুদ্ধে অস্ত্র নিষেধাজ্ঞা পুনর্বহালের জন্য জাতিসংঘে তোলা আমেরিকার প্রস্তাব নাকচ হয়ে গেছে।\r\n\r\n', '272905_image-337365-1598109822.jpg', 4, 9, '2020-08-22'),
(7, ' সাড়ে তিন লাখ ডলারে বিক্রি হল গান্ধীর চশমা', 'ভারতের স্বাধীনতার জনক মোহনদাস করমচাঁদ গান্ধীর একজোড়া চশমা যুক্তরাজ্যের একটি নিলাম ঘরে তিন লাখ ৪০ হাজার মার্কিন ডলারে (প্রায় দুই কোটি ৮৮ লাখ ৩৬ হাজার টাকা) বিক্রি হয়েছে।\r\n\r\nশুক্রবার রাতে ইনস্টাগ্রামে ইস্ট ব্রিস্টল অকশনসের পক্ষ থেকে লেখা হয়, ‘মাত্র চার সপ্তাহ আগেই চশমাটি আমরা আমাদের ডাকবাক্সে পেয়েছিলাম। এক ভদ্রলোক সেটি ওখানে রেখে গিয়েছিলেন; চশমাটি গান্ধী নিজে ওই ভদ্রলোকের এক আঙ্কেলকে দিয়েছিলেন।’\r\n\r\n‘আর সেই অবিশ্বাস্য উপহারটি নিলামে তুলে অবিশ্বাস্য ফল পেয়েছি আমরা!’ অহিংস আন্দোলনের পুরোধা মহাত্মা গান্ধী ওই চশমা ১৯২০ কিংবা ১৯৩০-এর দশকে, দক্ষিণ আফ্রিকায় ব্রিটিশ পেট্রোলিয়ামে চাকরিকালে পরতেন বলে জানিয়েছে ‘অকশন হাউস’।\r\n\r\nধারণা করা হয়েছিল, নিলামে চশমাটির দাম ১৯ হাজার ৬৩৪ ডলারের (১৬ লাখ ৬৫ হাজার টাকার) মতো উঠবে।\r\n\r\nএ মাসের শুরুতে নিলামকারী অ্যান্ড্র– স্টো বলেছিলেন, যে ভদ্রলোক চশমাটি তাদের দিয়ে গেছেন তিনি বলেছিলেন, ‘কাজে না লাগলে ফেলে দিয়েন!’ যারা এটির দাম ১৯ হাজার ৬৩৪ ডলারের মতো উঠবে বলে আশা করেছিলেন, তিন লাখ ৪০ হাজার ডলারে বিক্রি হওয়ার খবরে তাদের চোখ নিশ্চয়ই কপালে উঠে গেছে!\r\n\r\nজানা গেছে, এই চশমাটি ইংল্যান্ডের এক বয়স্ক ব্যক্তির কাছ থেকে মিলেছে। তার বাবা জানিয়েছিলেন, এই চশমাটি তার কাকা ১৯১০ থেকে ১৯৩০ সালের মধ্যে দক্ষিণ আফ্রিকায় ব্রিটিশ পেট্রোলিয়ামের হয়ে কাজ করার সময় উপহার হিসেবে পেয়েছিলেন।\r\n\r\n‘এই ব্যক্তি নিশ্চয়ই ব্রিটিশ পেট্রোলিয়ামের হয়ে দক্ষিণ আফ্রিকায় কাজ করতেন। সেখানেই তিনি এই চশমাটি উপহার পান। তবে আমার মনে এই চশমাটি তার প্রথম জীবনেরই চশমা।’\r\n\r\nকিন্তু কীভাবে গান্ধীর ব্যবহৃত চশমা অন্য একজনের কাছে এলো?\r\n\r\nআসলে গান্ধীজি প্রায়ই তার পুরনো বা অপ্রয়োজনীয় চশমা সেই সব মানুষকে দান করতেন যাদের সেটির প্রয়োজন আছে অথবা কোনো না কোনো সময়ে গান্ধীকে সাহায্য করেছেন। সেভাবেই হয়তো ওই ব্যক্তিকেও তিনি চশমাটি দান করেছেন।', '220495_image-337360-1598107294.jpg', 4, 9, '2020-08-22'),
(8, '১৪ ইরানির বিরুদ্ধে যুক্তরাষ্ট্রের নতুন নিষেধাজ্ঞা', 'ইরানের বর্তমান শাসকগোষ্ঠীর পক্ষে ভয়াবহ মানবাধিকার লঙ্ঘনে জড়িত থাকায় ১৪ ইরানির বিরুদ্ধে ভিসা বিধিনিষেধ আরোপ করছে যুক্তরাষ্ট্রের পররাষ্ট্র মন্ত্রণালয়।\r\nতেহরানের ইভিন কারাগারের প্রধান হোজাতুল্লাহ খোদাই সুরিসহ ইরানের ১৪ ব্যক্তির বিরুদ্ধে ভিসা বিধিনিষেধ আরোপ করে যুক্তরাষ্ট্র।\r\n\r\nশুক্রবার মার্কিন পররাষ্ট্রমন্ত্রী মাইক পম্পেও এসব কর্মকর্তা ও তাদের পরিবারের সদস্যদের যুক্তরাষ্ট্রে প্রবেশে নিষেধাজ্ঞা দেন। তাদের বিরুদ্ধে মানবাধিকার লঙ্ঘনের অভিযোগ আনা হয়েছে।\r\n\r\n১৯৯০ সালে সুইজারল্যান্ডে একটি হত্যা মিশনে জড়িত থাকা ১৩ জন অজ্ঞাত ব্যক্তির বিরুদ্ধে এ নিষেধাজ্ঞা দেয়া হয়েছে। সঙ্গে রয়েছে হোজাতুল্লাহ খোদাই সুরির নাম।\r\n\r\nপম্পেও বলেন, ইভিন কারাগারে রাজনৈতিক বন্দিদের সঙ্গে যে নির্যাতন, নিষ্ঠুরতা, অমানবিকতা ও অবমাননাকর আচরণ করা হয়েছে তা তদারকি করেছেন সুরি।\r\n\r\nপম্পেও বলেছেন, তাদের বিরুদ্ধে এ ব্যবস্থা নেয়া হয়েছে ২১ আগস্ট বার্ষিক ‘ডে অব রিমেমব্রান্স অব অ্যান্ড ট্রিবিউট টু দ্য ভিকটিমস অব টেরোরিজমের’ স্মরণ উপলক্ষে।', '431631_image-337358-1598106145.jpg', 4, 9, '2020-08-22'),
(9, 'ক্রলির ডাবল সেঞ্চুরিতে রান পাহাড়ে ইংল্যান্ড', 'জ্যাক ক্রুলির ডাবল সেঞ্চুরি আর জস বাটলারের সেঞ্চুরিতে পাকিস্তানের বিপক্ষে তৃতীয় টেস্টের প্রথম ইনিংসে রানের পাহাড় গড়ার পথে স্বাগতিক ইংল্যান্ড ক্রিকেট দল।\r\n\r\nএই রিপোর্ট লেখা পর্যন্ত ইংল্যান্ডের সংগ্রহ ৪ উইকেটে ৪৪৩ রান। ২৪০ ও ১২৮ রানে ব্যাট করছেন জ্যাক ক্রলি ও জস বাটলার।\r\n\r\nআন্তর্জাতিক ক্রিকেট ক্যারিয়ারের প্রথম সেঞ্চুরিকে ডাবলে পরিণত করলেন জ্যাক ক্রলি। পাকিস্তানের বিপক্ষে সাউদাম্পটন টেস্টে নতুন মাইলফলক স্পর্শ করলেন ২২ বছর বয়সী ইংলিশ এ তরুণ ব্যাটসম্যান।\r\n\r\n১৯৭৯ সালের পর ইংল্যান্ডের সবচেয়ে কম বয়সী হিসেবে ডাবল সেঞ্চুরির নজির স্থাপন করেছেন ক্রলি। ১৯৭৯ সালে ক্যারিয়ারের ১২তম টেস্টে ভারতের বিপক্ষে বার্মিংহামে সেঞ্চুরি করেছিলেন ডেভিড গাওয়ার।\r\n\r\nশুক্রবার প্রথম দিনে ৪ উইকেটে ৩৩২ রান সংগ্রহ করে ইংল্যান্ড। আগের দিনে ১৭১ রানে অপরাজিত থাকা ক্রলি শনিবার ব্যাটিংয়ে নেমে মধ্যাহ্ন ভোজের পরপরই ডাবল সেঞ্চুরির মাইলফলক স্পর্শ করেন।\r\n\r\nঅবশ্য লাঞ্চের কিছু আগেই টেস্ট ক্যারিয়ারের দ্বিতীয় সেঞ্চুরি তুলে নেন ইংল্যান্ডের উইকেটকিপার ব্যাটসম্যান জস বাটলার। এর আগে ওয়ানডে ও টেস্ট মিলে ১০টি সেঞ্চুরি করেছেন তিনি।', '497645_image-337361-1598107815.jpg', 6, 9, '2020-08-22'),
(10, 'বার্সেলোনাই চায় মেসি চলে যাক!', 'বার্সেলোনার নতুন ক্রীড়া পরিচালক রামন প্লানেস সম্প্রতি বলেছেন, প্রতিভাবান তরুণদের নিয়েই বার্সেলোনাকে নতুনভাবে ঢেলে সাজানো হবে। আর সেই তরুণদের নেতৃত্বে থাকবেন লিওনেল মেসি।\r\n\r\nকিন্তু গত সপ্তাহে বায়ার্ন মিউনিখের বিপক্ষে ৮-২ গোলের ব্যবধানে পরাজয়ের পর মেসির বার্সেলোনায় থাকা নিয়ে শঙ্কা দেখা দিয়েছে। অনেকেই বলাবলি করছেন, আগামী বছর চুক্তি শেষ হলে নতুন ক্লাবে চলে যাবেন মেসি।\r\n\r\nবার্সেলোনার নতুন কোচ রোনাল্ড কোম্যানের সঙ্গে একান্ত সাক্ষাতে মেসি জানিয়েছেন, তার বার্সেলোনায় থাকার চেয়ে বার্সেলোনা ছাড়ার সম্ভাবনাই বেশি।\r\n\r\nতবে স্প্যানিশ ফুটবল নিয়ে কাজ করা বিখ্যাত দুই সাংবাদিক মোইজেস ইয়োরেনস ও স্যাম মারসডেন তাদের প্রতিবেদনে বলেছেন, বার্সেলোনার কয়েকজন কর্মকর্তাই চান মেসি নতুন ক্লাবে চলে যাক।\r\n\r\nইএসপিএনকে বার্সেলোনার উচ্চপদে থাকা একজন কর্তা জানিয়েছেন, মেসি যদি খুশি না থাকে, সে ক্ষেত্রে বার্সেলোনার উচিত বড় অঙ্কের প্রস্তাব পেলে তাকে যেতে দেয়া।\r\n\r\nতবে বার্সেলোনার সভাপতি জোসেপ মারিয়া বার্তোমেউয়ের মতো বেশিরভাগ সদস্য যেকোনো মূল্যে ক্লাবের ইতিহাসের সেরা খেলোয়াড়কে ধরে রাখারই পক্ষে।\r\n\r\nবার্সেলোনায় মেসির চুক্তি এখনও ১ বছর বাকি। বার্সেলোনার ইচ্ছার বাইরে মেসিকে এখন কিনতে হলে যে কোনো ক্লাবকে ৭০ কোটি ইউরো খরচ করতে হবে।', '175640_image-337343-1598102879.jpg', 6, 9, '2020-08-22'),
(11, 'স্বাস্থ্যসেবা ভালো থাকায় করোনা সংক্রমণ কম: স্বাস্থ্যমন্ত্রী', 'স্বাস্থ্যমন্ত্রী জাহিদ মালেক বলেছেন, ভ্যাকসিনের অপেক্ষায় না থেকে সব ধরনের স্বাস্থ্যবিধি মেনে চললে করোনাভাইরাস (কোভিড-১৯) সংক্রমণ এমনিতেই কমে যাবে।\r\n\r\nশনিবার দুপুরে মানিকগঞ্জে রাস্তা প্রশস্তকরণ এবং মেরামত কাজের ভিত্তিপ্রস্তর স্থাপন অনুষ্ঠানে তিনি একথা বলেন।\r\n\r\nস্বাস্থ্যমন্ত্রী বলেন, সংক্রমণ আরও কমাতে হলে স্বাস্থ্যবিধি মেনে চলতে হবে। বাধ্যতামূলকভাবে মাস্ক পরতে হবে, শারীরিক ও সামাজিক দূরত্ব বজায় রাখতে হবে, অসুস্থ হলে করোনার টেস্ট করাতে হবে।\r\n\r\nতিনি আরও বলেন, ভারত, যুক্তরাষ্ট্রসহ বিশ্বের বহু দেশেই করোনা সংক্রমণ অনেক বেশি। সে তুলনায় বাংলাদেশে জনসংখ্যা অনুপাতে করোনা সংক্রমণ বিশ্বের যে কোনো দেশের চেয়ে অনেক কম। স্বাস্থ্যসেবা ভালো থাকার কারণে করোনা সংক্রমণ কমিয়ে রাখা সম্ভব হয়েছে।\r\n\r\nজেলার বাসস্ট্যান্ডে স্থানীয় সরকার প্রকৌশল (এলজিইডি) আয়োজিত অনুষ্ঠানে জাহিদ মালেক ১০ কোটি টাকা ব্যয়ে মানিকগঞ্জ-বাংলাদেশ হাট-তিল্লী-ছনকা-নাগরপুর ২২ কিলোমিটার রাস্তার প্রশস্তকরণ এবং মেরামত কাজের ভিত্তিপ্রস্তর উদ্বোধন করেন।\r\n\r\nএ সময় উপস্থিত ছিলেন জেলা প্রশাসক এসএম ফেরদৌস, অতিরিক্ত পুলিশ সুপার হাফিজুর রহমান, জেলা আওয়ামী লীগের যুগ্ম-সাধারণ সম্পাদক সুলতানুল আযম আপেল, শ্রমবিষয়ক সম্পাদক লিয়াকত আলী মাইজ ভাণ্ডারী, সদর উপজেলা পরিষদের চেয়ারম্যান ইসরাফিল হোসেন, পৌর আওয়ামী লীগের সাধারণ সম্পাদক জাহিদুল ইসলামসহ আওয়ামী লীগের বিভিন্ন পর্যায়ের নেতারা।\r\n\r\n', '235152_image-337364-1598109710.jpg', 5, 9, '2020-08-22'),
(12, 'রাজশাহী বিভাগে করোনায় ৮ জনের মৃত্যু', 'রাজশাহী বিভাগে করোনাভাইরাসে আক্রান্ত হয়ে একদিনে আটজনের মৃত্যু হয়েছে। এর মধ্যে সাতজনই মারা গেছেন বগুড়ায়। আর একজন মারা গেছেন নওগাঁয়। শুক্রবার বিভিন্ন সময় তারা মারা যান।\r\n\r\nশনিবার দুপুরে বিভাগীয় স্বাস্থ্য পরিচালক ডা. গোপেন্দ্রনাথ আচার্য্য জানান, বিভাগে এ পর্যন্ত সর্বোচ্চ ২৩৬ জনের মৃত্যু হয়েছে করোনায়। এর মধ্যে সর্বোচ্চ ১৪৪ জন মারা গেলেন বগুড়ায়। এছাড়া রাজশাহীতে ৩৭ জন, চাঁপাইনবাবগঞ্জে ১১ জন, নওগাঁয় ১৬ জন, নাটোরে তিনজন, জয়পুরহাটে পাঁচজন, সিরাজগঞ্জে ১১ জন এবং পাবনায় ৯ জন মারা গেছেন।\r\n\r\nশুক্রবার বিভাগে নতুন ১৭৮ জন করোনা রোগী শনাক্ত হয়েছে। এর মধ্যে ৫৭ জনের বাড়ি বগুড়া। এছাড়া রাজশাহীর ৩০ জন, নওগাঁয় ২২ জন, নাটোরে ২৪ জন, জয়পুরহাটে ১৪ জন, সিরাজগঞ্জের ১৮ জন এবং পাবনায় ১৩ জন শনাক্ত হয়েছেন।\r\n\r\nবিভাগে এখন মোট আক্রান্তের সংখ্যা ১৬ হাজার ৬৩৩ জন। এর মধ্যে সর্বোচ্চ ৬ হাজার ১৫৪ জন শনাক্ত হয়েছেন বগুড়ায়। এছাড়া রাজশাহীতে ৪ হাজার ২৭৭ জন, চাঁপাইনবাবগঞ্জে ৬৪৩ জন, নওগাঁয় এক হাজার ১০৯ জন, নাটোরে ৭৭১, জয়পুরহাটে ৮৯৭, সিরাজগঞ্জে ১ হাজার ৮২৮ জন এবং পাবনায় ৯৫৪ জন শনাক্ত হয়েছেন।\r\n\r\nশুক্রবার বিভাগের ১৬৫ জন করোনা রোগী সুস্থ হয়েছেন। এর মধ্যে সর্বোচ্চ ১০৪ জন সুস্থ হয়েছেন রাজশাহীতে। এছাড়া বগুড়ার ৫৯ ও পাবনার দুইজন করে ব্যক্তি করোনাভাইরাস জয় করেছেন।\r\n\r\nরাজশাহী বিভাগে এ পর্যন্ত করোনা জয় করেছেন ১১ হাজার ৪৫১ জন। এর মধ্যে রাজশাহীর ২ হাজার ৬৮৪ জন, চাঁপাইনবাবগঞ্জের ৪০৪ জন, নওগাঁর ৯৫৭ জন, নাটোরের ৪৪০ জন, জয়পুরহাটের ২১৯ জন, বগুড়ার ৫ হাজার পাঁচজন, সিরাজগঞ্জের ৯১৬ জন এবং পাবনার ৮২৬ জন করোনামুক্ত হয়েছেন।', '208686_image-337338-1598101159.jpg', 5, 9, '2020-08-22'),
(14, 'এবার সরকারি হাসপাতালে করোনার ভুয়া সার্টিফিকেট', 'এবার সরকারি হাসপাতালে মিলেছে করোনার জাল সার্টিফিকেট। করোনা টেস্টের স্যাম্পল না নিয়েই করোনার নেগেটিভ রেজাল্ট বিক্রির অভিযোগে কুষ্টিয়ার মিরপুর উপজেলা স্বাস্থ্য কমপ্লেক্সে অভিযান চালায় কুষ্টিয়া জেলা গোয়েন্দা পুলিশের বিশেষ একটি দল।\r\n\r\nবুধবার দুপুর ১টা থেকে সন্ধ্যা ৬টা পর্যন্ত চলে ৫ ঘণ্টার এ অভিযান। ঘটনায় জড়িত থাকার অভিযোগে ওই স্বাস্থ্য কমপ্লেক্সের মেডিকেল টেকনোলোজিস্ট (ইপিআই) মাহফুজুর রহমানকে আটক করেছে পুলিশ।\r\n\r\nতিনি মিরপুর উপজেলার চুনিয়াপাড়া এলাকার মৃত ফজলুর রহমানের ছেলে।\r\n\r\nস্থানীয় সূত্রে জানা যায়, পাবনার রূপপুর পারমাণবিক বিদ্যুৎ কেন্দ্রে চাকরির জন্য করোনা নেগেটিভ রেজাল্ট দিতে হচ্ছে। ওই চাকরি প্রার্থীদের কয়েক দিন ধরেই মিরপুর হাসপাতাল থেকে ভুয়া করোনা নেগেটিভ সনদ দিয়ে আসছিলেন মাহফুজুর রহমান। এর জন্য নেয়া হচ্ছিল ৭০০-১৫০০ টাকা।\r\n\r\nজেলা গোয়েন্দা পুলিশ গোপনে এ খবর পেয়ে মিরপুর থানা পুলিশের সহযোগিতায় দুপুর ১টায় মিরপুর উপজেলা স্বাস্থ্য কমপ্লেক্সে অভিযান চালায়। ৫ ঘণ্টার অভিযান শেষে আটক করা হয় স্বাস্থ্য কমপ্লেক্সের মেডিকেল টেকনোলোজিস্ট (ইপিআই) মাহফুজুর রহমানকে।\r\n\r\nএ সময় তার কাছ থেকে একটি কম্পিউটারের হার্ডডিক্স, একটি পেনড্রাইভ এবং একটি স্ট্যাম্প সিল ও ১৩টি নেগেটিভ করোনার ভুয়া সনদের ফটোকপি জব্দ করা হয়। এ অভিযান চলাকালে হাসপাতালের ছবি ও ভিডিও নিতে গণমাধ্যম কর্মীদের বাধা দেন মিরপুর উপজেলা স্বাস্থ্য ও পরিবার পরিকল্পনা কর্মকর্তা ডা. জেসমিন আরা।\r\n\r\nকুষ্টিয়া জেলা গোয়েন্দা পুলিশের ওসি আমিনুল ইসলাম জানান, করোনা পরীক্ষার জন্য নমুনা না নিয়েই নেগেটিভ রেজাল্ট দিচ্ছে- এমন সুনির্দিষ্ট অভিযোগের ভিত্তিতে তারা মিরপুর উপজেলা স্বাস্থ্য কমপ্লেক্সে অভিযান চালায়। এ সময় মাহফুজুর রহমান নামের একজনকে জিজ্ঞাসাবাদ করা হয়। এ ঘটনায় কুষ্টিয়ার সিভিল সার্জন ডা. এইচএম আনোয়ারুল ইসলাম বাদী হয়ে মিরপুর থানায় একটি মামলা দায়ের করেন।\r\n\r\nমিরপুর থানার ওসি আবুল কালাম জানান, কুষ্টিয়ার সিভিল সার্জনের দেয়া অভিযোগের পরিপ্রেক্ষিতে আমরা মাহফুজুর রহমানকে আটক করেছি।\r\n\r\nকুষ্টিয়ার সিভিল সার্জন ডা. এইচএম আনোয়ারুল ইসলাম জানান, বিভিন্ন সময়ে কুষ্টিয়া পিসিআর ল্যাবের তথ্য সম্বলিত ফরমেট ব্যবহার করে ভুয়া করোনার সনদ দিয়ে আসছিল মাহফুজুর রহমান। যারা প্রতারণার মাধ্যমে এভাবে করোনার সনদ দেবে তাদের বিরুদ্ধে ব্যবস্থা গ্রহণ করা হবে।\r\n\r\nএদিকে স্থানীয়দের অভিযোগ, মিরপুর উপজেলা স্বাস্থ্য কমপ্লেক্সের কয়েকজন অসাধু চিকিৎসক এবং কর্মচারীর সমন্বয়ে একটি চক্র এ ধরনের কর্মকাণ্ড করোনার শুরু থেকেই করে আসছে।', '186130_image-337338-1598101159.jpg', 0, 15, '2020-08-26');

-- --------------------------------------------------------

--
-- Table structure for table `replycomment`
--

CREATE TABLE `replycomment` (
  `id` int(11) NOT NULL,
  `c_id` int(11) NOT NULL,
  `c_name` varchar(255) NOT NULL,
  `C_commests` varchar(255) NOT NULL,
  `post_id` int(11) NOT NULL,
  `c_status` int(11) NOT NULL,
  `c_date` date NOT NULL
) ENGINE=InnoDB DEFAULT CHARSET=utf8mb4;

--
-- Dumping data for table `replycomment`
--

INSERT INTO `replycomment` (`id`, `c_id`, `c_name`, `C_commests`, `post_id`, `c_status`, `c_date`) VALUES
(0, 9, 'monim', 'fghfgh', 5, 1, '2020-08-18'),
(0, 9, 'monim', 'fghfgh', 5, 1, '2020-08-18'),
(0, 9, 'monim', 'fvsdf', 5, 1, '2020-08-18'),
(0, 9, 'monim', 'fvsdf', 5, 1, '2020-08-18'),
(0, 8, 'monim', 'swadf', 5, 1, '2020-08-18'),
(0, 8, 'monim', 'swadf', 5, 1, '2020-08-18'),
(0, 11, 'monim', 'yuguyguygu i', 0, 1, '2020-08-19'),
(0, 10, 'monim', 'fgdg', 0, 1, '2020-08-19'),
(0, 10, 'monim', 'gsg', 0, 1, '2020-08-19'),
(0, 11, 'monim', 'safdsdafsdasfsdafsdfsdafsdfsdafsdaf', 0, 1, '2020-08-19'),
(0, 11, 'monim', 'sdfsda', 0, 1, '2020-08-19'),
(0, 11, 'monim', 'fgfsgfdgdfsg', 0, 1, '2020-08-19'),
(0, 11, 'monim', 'fgfsgfdgdfsg', 0, 1, '2020-08-19'),
(0, 11, 'monim', 'fgfsgfdgdfsgfdg', 0, 1, '2020-08-19'),
(0, 10, 'monim', 'fhgdf', 0, 1, '2020-08-19'),
(0, 10, 'monim', 'fhgdf', 0, 1, '2020-08-19'),
(0, 10, 'monim', 'fhgdf', 5, 1, '2020-08-19'),
(0, 10, 'monim', 'fhgdf', 5, 1, '2020-08-19'),
(0, 8, 'monim', 'dfsgfsd', 0, 1, '2020-08-19'),
(0, 8, 'monim', 'dfsgfsd', 5, 1, '2020-08-19'),
(0, 8, 'monim', 'dfsgfsd', 5, 1, '2020-08-19'),
(0, 8, 'monim', 'dfsgfsd', 5, 1, '2020-08-19'),
(0, 11, 'monim', 'rasek', 5, 1, '2020-08-19'),
(0, 11, 'monim', 'rasek', 5, 1, '2020-08-19'),
(0, 11, 'monim', 'rasek', 5, 1, '2020-08-19'),
(0, 11, 'monim', 'rasek', 5, 1, '2020-08-19'),
(0, 8, 'monim', 'monim', 5, 1, '2020-08-19'),
(0, 8, 'monim', 'monim', 5, 1, '2020-08-19'),
(0, 8, 'monim', 'monim', 5, 1, '2020-08-19'),
(0, 8, 'monim', 'monim', 5, 1, '2020-08-19'),
(0, 8, 'monim', 'abdulla', 0, 1, '2020-08-19'),
(0, 9, 'monim', 'abdulla al monim', 0, 1, '2020-08-19'),
(0, 8, 'monim', 'fsfsdf', 0, 1, '2020-08-19'),
(0, 11, 'monim', 'dfsgsdf', 0, 1, '2020-08-19'),
(0, 8, 'monim', 'gdsf', 0, 1, '2020-08-19'),
(0, 8, 'monim', 'gdsf', 0, 1, '2020-08-19'),
(0, 11, 'monim', 'afsda', 0, 1, '2020-08-19'),
(0, 11, 'monim', 'afsda', 0, 1, '2020-08-19'),
(0, 11, 'monim', 'dfg', 0, 1, '2020-08-19'),
(0, 11, 'monim', 'sdfsd', 5, 1, '2020-08-19'),
(0, 11, 'monim', 'gf', 5, 1, '2020-08-19'),
(0, 11, 'monim', 'morum akter', 5, 1, '2020-08-19'),
(0, 12, 'abdulla', 'fsfsdf', 14, 1, '2020-08-26');

-- --------------------------------------------------------

--
-- Table structure for table `subscriber`
--

CREATE TABLE `subscriber` (
  `sub_id` int(11) NOT NULL,
  `sub_name` varchar(255) NOT NULL,
  `sub_email` varchar(255) NOT NULL,
  `sub_pass` varchar(255) NOT NULL
) ENGINE=InnoDB DEFAULT CHARSET=utf8mb4;

--
-- Dumping data for table `subscriber`
--

INSERT INTO `subscriber` (`sub_id`, `sub_name`, `sub_email`, `sub_pass`) VALUES
(1, 'monim', 'monim@gmail.com', '7110eda4d09e062aa5e4a390b0a572ac0d2c0220'),
(2, 'stger', 'rasel@gmail.com', '7110eda4d09e062aa5e4a390b0a572ac0d2c0220'),
(3, 'tweq', 'asha@gmail.com', '7110eda4d09e062aa5e4a390b0a572ac0d2c0220'),
(4, 'abdulla', 'abdulla@gmail.com', '7110eda4d09e062aa5e4a390b0a572ac0d2c0220'),
(5, 'abdulla', 'abdulla@gmail.com', '7110eda4d09e062aa5e4a390b0a572ac0d2c0220');

-- --------------------------------------------------------

--
-- Table structure for table `users`
--

CREATE TABLE `users` (
  `id` int(11) NOT NULL,
  `full_name` varchar(255) NOT NULL,
  `email` varchar(255) NOT NULL,
  `user_name` varchar(255) NOT NULL,
  `password` varchar(255) NOT NULL,
  `phone` varchar(255) DEFAULT NULL,
  `address` varchar(255) NOT NULL,
  `role` int(2) NOT NULL DEFAULT 2 COMMENT '1= admin,2=editor',
  `status` int(2) NOT NULL DEFAULT 0 COMMENT '0= in-active,1=active',
  `image` text DEFAULT NULL,
  `join_date` date NOT NULL
) ENGINE=InnoDB DEFAULT CHARSET=utf8mb4;

--
-- Dumping data for table `users`
--

INSERT INTO `users` (`id`, `full_name`, `email`, `user_name`, `password`, `phone`, `address`, `role`, `status`, `image`, `join_date`) VALUES
(1, 'Abdulla al monim Rasel', 'abdullaalmonim@gmail.com', 'monim', 'da39a3ee5e6b4b0d3255bfef95601890afd80709', '01723030645', 'Kalihati', 1, 1, '307111_person.JPG', '2020-06-22'),
(9, 'rasel monim', 'monim@gmail.com', 'monim', '7110eda4d09e062aa5e4a390b0a572ac0d2c0220', '01723030645', 'kalihati', 1, 1, '469175_51762333_2270785769867073_4370612484810211328_o.jpg', '2020-07-08'),
(11, 'rasel', 'ra@gmail.com', 'monim', '7110eda4d09e062aa5e4a390b0a572ac0d2c0220', '01712154865', 'kalihati', 2, 1, '6903_469175_51762333_2270785769867073_4370612484810211328_o.jpg', '2020-07-13'),
(17, 'asha', 'asha@gmail.com', 'asha', '7110eda4d09e062aa5e4a390b0a572ac0d2c0220', '01723030645', 'kalihati', 1, 1, NULL, '0000-00-00');

--
-- Indexes for dumped tables
--

--
-- Indexes for table `category`
--
ALTER TABLE `category`
  ADD PRIMARY KEY (`cat_id`);

--
-- Indexes for table `comments`
--
ALTER TABLE `comments`
  ADD PRIMARY KEY (`c_id`);

--
-- Indexes for table `pagination`
--
ALTER TABLE `pagination`
  ADD PRIMARY KEY (`id`);

--
-- Indexes for table `post`
--
ALTER TABLE `post`
  ADD PRIMARY KEY (`post_id`);

--
-- Indexes for table `subscriber`
--
ALTER TABLE `subscriber`
  ADD PRIMARY KEY (`sub_id`);

--
-- Indexes for table `users`
--
ALTER TABLE `users`
  ADD PRIMARY KEY (`id`);

--
-- AUTO_INCREMENT for dumped tables
--

--
-- AUTO_INCREMENT for table `category`
--
ALTER TABLE `category`
  MODIFY `cat_id` int(255) NOT NULL AUTO_INCREMENT, AUTO_INCREMENT=13;

--
-- AUTO_INCREMENT for table `comments`
--
ALTER TABLE `comments`
  MODIFY `c_id` int(11) NOT NULL AUTO_INCREMENT, AUTO_INCREMENT=13;

--
-- AUTO_INCREMENT for table `pagination`
--
ALTER TABLE `pagination`
  MODIFY `id` int(11) NOT NULL AUTO_INCREMENT, AUTO_INCREMENT=37;

--
-- AUTO_INCREMENT for table `post`
--
ALTER TABLE `post`
  MODIFY `post_id` int(11) NOT NULL AUTO_INCREMENT, AUTO_INCREMENT=16;

--
-- AUTO_INCREMENT for table `subscriber`
--
ALTER TABLE `subscriber`
  MODIFY `sub_id` int(11) NOT NULL AUTO_INCREMENT, AUTO_INCREMENT=6;

--
-- AUTO_INCREMENT for table `users`
--
ALTER TABLE `users`
  MODIFY `id` int(11) NOT NULL AUTO_INCREMENT, AUTO_INCREMENT=18;
COMMIT;

/*!40101 SET CHARACTER_SET_CLIENT=@OLD_CHARACTER_SET_CLIENT */;
/*!40101 SET CHARACTER_SET_RESULTS=@OLD_CHARACTER_SET_RESULTS */;
/*!40101 SET COLLATION_CONNECTION=@OLD_COLLATION_CONNECTION */;
